{
  "threejs": {
    "hz": 92.20882822602715,
    "mean": 10.844948572047214,
    "p75": 11.053374946117401,
    "p99": 18.342916011810303,
    "p999": 18.342916011810303
  },
  "threejs-sourcemap": {
    "hz": 35.08458480733121,
    "mean": 28.502546217706467,
    "p75": 28.96858298778534,
    "p99": 30.867542028427124,
    "p999": 30.867542028427124
  },
  "threejs10x": {
    "hz": 9.51866075319654,
    "mean": 105.0567959010601,
    "p75": 106.52387499809265,
    "p99": 107.84858399629593,
    "p999": 107.84858399629593
  },
  "threejs10x-sourcemap": {
    "hz": 3.4855347284596956,
    "mean": 286.9000247895718,
    "p75": 290.8577079772949,
    "p99": 294.80437499284744,
    "p999": 294.80437499284744
  }
}
